,T5_SMALL,T5_BASE,T5_3B,T5_WHYN
precision,0.688214595851821,0.6626267953243902,0.6262556048552684,0.6351770028510101
recall,0.3986506945775552,0.3727008210247026,0.3178110676911702,0.3749973880337576
f1_score,0.4510829472501482,0.42152561811073114,0.36918441035505123,0.4179246749013995
